Model Name,Loss,Train Batch Size per Device,Evaluation Batch Size per Device,Device Used,Evaluation Loss,Evaluation Precision,Evaluation Recall,Evaluation F1,Evaluation Accuracy,Evaluation Runtime,Evaluation Samples per Second,Evaluation Steps per Second,Epoch,Train Runtime,Train Samples per Second,Train Steps per Second,Train Loss
RoBERTa Base bne pretrained model,Cathegorical Cross entropy,8,8,NVIDIA GeForce RTX 4070 Laptop GPU,,,,,,,,
roberta-base-bne-NER-TF-10-epochs-2-5e,Cathegorical Cross entropy,8,8,NVIDIA GeForce RTX 4070 Laptop GPU,0.602579653263092,0.6409945421467557,0.2291350531107739,0.33759182369849894,0.8534859858508398,4.8144,174.477,21.81,10.0,160.2142,122.149,15.292,0.7247279202208227
roberta-base-bne-NER-TF-50-epochs-2-5e,Cathegorical Cross entropy,8,8,NVIDIA GeForce RTX 4070 Laptop GPU,0.4722978174686432,0.6903030303030303,0.24691090396704965,0.3637234552131567,0.8579413511907976,4.9321,170.312,21.289,50.0,804.3477,121.651,15.23,0.5397062739158164
roberta-base-bne-NER-TF-10-epochs-2-4e,Cathegorical Cross entropy,8,8,NVIDIA GeForce RTX 4070 Laptop GPU,0.4094574749469757,0.6458132820019249,0.29091697376978104,0.4011358541324167,0.8648269158070961,4.8866,171.898,21.487,10.0,162.7321,120.259,15.055,0.4790946742466518
roberta-base-bne-NER-TF-50-epochs-2-4e,Cathegorical Cross entropy,8,8,NVIDIA GeForce RTX 4070 Laptop GPU,0.27687638998031616,0.6872334375888541,0.5239540429221765,0.5945879458794587,0.9067613544310633,4.8005,174.983,21.873,50.0,787.0711,124.322,15.564,0.32664134870256695
roberta-base-bne-NER-TF-100-epochs-2-5e,Cathegorical Cross entropy,8,8,NVIDIA GeForce RTX 4070 Laptop GPU,0.4013833999633789,0.6431516262024737,0.30435725124647733,0.4131842260153031,0.8669330885132581,4.8383,173.616,21.702,100.0,1640.6436,119.282,14.933,0.4654564507932079
roberta-base-bne-NER-TF-100-epochs-2-4e,Cathegorical Cross entropy,8,8,NVIDIA GeForce RTX 4070 Laptop GPU,0.2440900206565857,0.7080010290712632,0.5965748970301322,0.6475294117647059,0.9198304260949398,4.8038,174.861,21.858,100.0,1630.0684,120.056,15.03,0.279666928349709
roberta-base-bne-NER-TF-Bi-LSTM-10-epochs-2-5e,Cathegorical Cross entropy,8,8,NVIDIA GeForce RTX 4070 Laptop GPU,0.532483696937561,0.70546875,0.19575113808801214,0.30646529781096216,0.8524058972835773,5.3271,157.683,19.71,10.0,202.9915,96.408,12.069,0.6489439111826372
roberta-base-bne-NER-TF-Bi-LSTM-10-epochs-2-4e,Cathegorical Cross entropy,8,8,NVIDIA GeForce RTX 4070 Laptop GPU,0.19088928401470184,0.7443574389682174,0.700628658140039,0.7218313791178114,0.9368958254576876,5.3707,156.404,19.55,10.0,203.7024,96.072,12.027,0.30797860904615754
roberta-base-bne-NER-TF-Bi-LSTM-50-epochs-2-5e,Cathegorical Cross entropy,8,8,NVIDIA GeForce RTX 4070 Laptop GPU,0.2695006728172302,0.6564590838908904,0.5530023845653588,0.6003059183433346,0.9148890208997138,5.4844,153.161,19.145,50.0,1022.5762,95.69,11.98,0.36750816718899476
roberta-base-bne-NER-TF-Bi-LSTM-50-epochs-2-4e,Cathegorical Cross entropy,8,8,NVIDIA GeForce RTX 4070 Laptop GPU,0.2605123221874237,0.817351598173516,0.8148710166919575,0.8161094224924013,0.9570934816654966,5.3722,156.36,19.545,50.0,1027.0181,95.276,11.928,0.10099722587819002
roberta-base-bne-NER-TF-Bi-LSTM-100-epochs-2-5e,Cathegorical Cross entropy,8,8,NVIDIA GeForce RTX 4070 Laptop GPU,0.2089962512254715,0.7242759595008241,0.6668111857793193,0.6943566591422122,0.934330615110439,5.4087,155.306,19.413,100.0,2042.1849,95.829,11.997,0.25502666333256935
roberta-base-bne-NER-TF-Bi-LSTM-100-epochs-2-4e,Cathegorical Cross entropy,8,8,NVIDIA GeForce RTX 4070 Laptop GPU,0.35670706629753113,0.8368409633326102,0.8361153262518968,0.8364779874213836,0.9609277960792785,5.48,153.285,19.161,100.0,2043.6808,95.759,11.988,0.05103080915553229
roberta-base-bne-NER-TF-Bi-GRU-10-epochs-2-5e,Cathegorical Cross entropy,8,8,NVIDIA GeForce RTX 4070 Laptop GPU,0.4455745816230774,0.5406976744186046,0.32256665944071106,0.4040733197556008,0.863665820597289,5.4828,153.205,19.151,10.0,206.0049,94.998,11.893,0.5625617202447385
roberta-base-bne-NER-TF-Bi-GRU-10-epochs-2-4e,Cathegorical Cross entropy,8,8,NVIDIA GeForce RTX 4070 Laptop GPU,0.17813946306705475,0.7633272058823529,0.7201387383481466,0.7411042944785277,0.9408921531565588,5.4574,153.92,19.24,10.0,204.3161,95.783,11.991,0.26401476178850447
roberta-base-bne-NER-TF-Bi-GRU-50-epochs-2-5e,Cathegorical Cross entropy,8,8,NVIDIA GeForce RTX 4070 Laptop GPU,0.2227163463830948,0.714521841794569,0.6559722523303707,0.683996383363472,0.929146189987579,5.4944,152.884,19.11,50.0,1014.4042,96.461,12.076,0.2981619586555325
roberta-base-bne-NER-TF-Bi-GRU-50-epochs-2-4e,Cathegorical Cross entropy,8,8,NVIDIA GeForce RTX 4070 Laptop GPU,0.24028365314006805,0.8308058925476604,0.8313461955343594,0.8310759562249431,0.9597667008694712,5.4653,153.696,19.212,50.0,1015.3809,96.368,12.064,0.0840990539570244
roberta-base-bne-NER-TF-Bi-GRU-100-epochs-2-5e,Cathegorical Cross entropy,8,8,NVIDIA GeForce RTX 4070 Laptop GPU,0.175493985414505,0.7677670793214122,0.7259917624105788,0.7462952646239555,0.9424582815790895,5.5223,152.111,19.014,100.0,2037.6129,96.044,12.024,0.22328231967225368
roberta-base-bne-NER-TF-Bi-GRU-100-epochs-2-4e,Cathegorical Cross entropy,8,8,NVIDIA GeForce RTX 4070 Laptop GPU,0.342878133058548,0.8526707530647986,0.8443529156730978,0.8484914497331445,0.9640060484959767,5.4209,154.956,19.37,100.0,2030.4879,96.381,12.066,0.041363160990558714
